tconst	averageRating	numVotes
tt0000001	5.7	2025
tt0000002	5.7	272
tt0000003	6.5	1962
tt0000004	5.4	178
tt0000005	6.2	2726
tt0000006	5.0	184
tt0000007	5.4	848
tt0000008	5.4	2173
tt0000009	5.3	209
tt0000010	6.8	7445
tt0000011	5.2	382
tt0000012	7.4	12708
tt0000013	5.7	1935
tt0000014	7.1	5754
tt0000015	6.1	1142
tt0000016	5.9	1553
tt0000017	4.6	339
tt0000018	5.2	618
tt0000019	5.1	32
tt0000020	4.8	372
tt0000022	5.1	1127
tt0000023	5.7	1477
tt0000024	3.9	126
tt0000025	3.9	43
tt0000026	5.6	1584
tt0000027	5.6	1187
tt0000028	5.1	1118
tt0000029	5.9	3475
tt0000030	5.2	877
tt0000031	5.5	1036
tt0000032	5.0	430
tt0000033	5.5	1061
tt0000034	4.9	226
tt0000035	5.6	84
tt0000036	4.4	620
tt0000037	4.5	73
tt0000038	4.2	210
tt0000039	3.7	33
tt0000040	4.1	71
tt0000041	6.7	1963
tt0000042	4.2	39
tt0000043	3.4	33
tt0000044	4.0	49
tt0000045	4.0	34
tt0000046	4.1	36
tt0000047	3.5	36
tt0000048	4.7	212
tt0000049	4.9	53
tt0000050	4.1	35
tt0000051	3.6	36
tt0000052	4.2	112
tt0000053	3.3	19
tt0000054	4.9	35
tt0000055	3.6	31
tt0000056	3.0	23
tt0000057	4.5	35
tt0000058	4.2	34
tt0000059	3.3	28
tt0000060	7.4	89
tt0000061	4.3	31
tt0000062	6.2	207
tt0000063	3.3	29
tt0000064	3.0	30
tt0000065	3.2	30
tt0000066	3.2	30
tt0000067	5.5	76
tt0000068	3.8	32
tt0000069	4.9	497
tt0000070	6.4	2736
tt0000071	3.3	30
tt0000072	3.5	28
tt0000073	3.5	31
tt0000074	4.6	32
tt0000075	6.3	2017
tt0000076	4.5	550
tt0000077	4.5	36
tt0000078	3.7	93
tt0000079	4.3	36
tt0000080	4.0	32
tt0000081	4.1	33
tt0000082	4.8	50
tt0000083	4.6	33
tt0000084	4.2	32
tt0000085	4.7	34
tt0000086	4.1	34
tt0000087	4.7	37
tt0000088	4.2	33
tt0000089	6.2	1030
tt0000090	3.9	32
tt0000091	6.7	3907
tt0000092	4.5	30
tt0000093	4.7	95
tt0000094	4.4	42
tt0000095	4.8	35
tt0000096	4.1	31
tt0000097	4.9	34
tt0000098	5.2	37
tt0000099	4.6	33
tt0000100	4.9	57
tt0000101	4.5	29
tt0000102	4.7	27
tt0000103	5.4	28
tt0000104	5.6	477
tt0000105	5.0	30
tt0000106	4.4	24
tt0000107	5.2	29
tt0000108	4.4	558
tt0000109	4.5	539
tt0000110	4.4	545
tt0000111	4.4	561
tt0000112	4.5	538
tt0000113	4.3	566
tt0000114	5.1	31
tt0000115	4.9	35
tt0000116	5.2	28
tt0000117	5.1	174
tt0000118	5.0	37
tt0000119	5.0	63
tt0000120	5.0	57
tt0000121	4.2	102
tt0000122	5.1	32
tt0000123	5.6	170
tt0000124	5.2	31
tt0000125	4.6	16
tt0000126	5.8	32
tt0000127	4.4	28
tt0000128	5.5	40
tt0000129	6.6	52
tt0000130	5.1	29
tt0000131	5.7	1492
tt0000132	5.1	1115
tt0000133	6.2	36
tt0000134	4.6	22
tt0000135	6.4	85
tt0000137	5.0	35
tt0000138	6.4	1195
tt0000139	5.2	26
tt0000140	4.9	317
tt0000141	5.3	116
tt0000142	4.6	30
tt0000143	5.0	276
tt0000144	5.2	338
tt0000145	3.5	14
tt0000146	5.0	27
tt0000147	5.3	499
tt0000148	3.3	16
tt0000149	4.6	22
tt0000150	5.4	181
tt0000151	4.8	66
tt0000152	6.2	281
tt0000153	5.7	501
tt0000154	3.9	14
tt0000155	5.1	29
tt0000156	3.9	24
tt0000157	3.9	16
tt0000158	3.1	16
tt0000159	5.1	144
tt0000160	5.2	28
tt0000161	3.6	15
tt0000162	5.4	487
tt0000163	5.0	14
tt0000164	5.0	311
tt0000165	4.6	138
tt0000166	3.6	19
tt0000167	4.1	155
tt0000168	2.9	18
tt0000169	3.7	52
tt0000170	5.2	272
tt0000171	4.2	16
tt0000172	6.1	1023
tt0000173	4.6	45
tt0000174	4.6	134
tt0000175	5.0	232
tt0000176	4.7	14
tt0000177	4.6	248
tt0000178	5.2	222
tt0000179	4.6	45
tt0000181	6.6	61
tt0000182	4.9	568
tt0000183	5.9	36
tt0000184	4.8	335
tt0000186	4.5	23
tt0000187	4.9	58
tt0000188	3.5	13
tt0000190	4.8	149
tt0000192	4.5	189
tt0000194	5.4	84
tt0000196	4.7	30
tt0000197	4.2	20
tt0000198	4.3	20
tt0000199	4.0	14
tt0000204	5.6	14
tt0000205	4.8	33
tt0000206	5.1	14
tt0000207	5.4	13
tt0000208	5.7	585
tt0000209	4.9	31
tt0000210	5.0	35
tt0000211	7.4	4645
tt0000213	4.7	260
tt0000214	4.2	106
tt0000215	4.1	131
tt0000218	5.9	694
tt0000219	6.6	31
tt0000222	4.6	251
tt0000223	5.4	19
tt0000225	4.9	37
tt0000228	4.9	298
tt0000229	4.5	115
tt0000230	6.5	1778
tt0000231	2.9	20
tt0000234	6.3	76
tt0000235	6.3	946
tt0000239	5.5	272
tt0000240	4.5	93
tt0000242	6.4	1309
tt0000245	6.3	52
tt0000246	6.4	1077
tt0000247	5.0	512
tt0000248	6.1	1670
tt0000251	5.3	156
tt0000253	4.2	28
tt0000256	4.8	179
tt0000261	5.3	76
tt0000264	5.7	476
tt0000265	4.4	151
tt0000269	4.8	139
tt0000271	6.3	13
tt0000272	5.6	885
tt0000273	5.5	670
tt0000274	5.6	278
tt0000276	6.8	33
tt0000277	6.2	70
tt0000278	6.0	23
tt0000279	4.1	26
tt0000280	4.4	26
tt0000281	4.5	24
tt0000283	5.8	19
tt0000284	5.3	249
tt0000285	5.3	28
tt0000286	5.7	282
tt0000287	4.9	169
tt0000288	5.2	211
tt0000292	5.1	107
tt0000296	5.8	256
tt0000299	5.6	294
tt0000300	6.9	1384
tt0000301	4.4	444
tt0000302	5.2	263
tt0000304	6.0	1341
tt0000306	5.3	252
tt0000307	5.0	96
tt0000308	5.3	126
tt0000309	6.1	957
tt0000310	7.2	35
tt0000313	5.8	828
tt0000319	5.7	259
tt0000321	4.8	235
tt0000328	5.5	16
tt0000335	5.9	55
tt0000337	4.9	379
tt0000340	4.9	327
tt0000341	4.9	385
tt0000346	4.7	238
tt0000347	4.4	120
tt0000349	5.5	142
tt0000350	5.7	766
tt0000352	5.4	62
tt0000353	5.1	378
tt0000355	6.2	775
tt0000357	5.8	496
tt0000358	6.2	766
tt0000359	7.1	3135
tt0000361	7.4	27
tt0000363	6.2	189
tt0000364	5.6	173
tt0000368	6.6	22
tt0000370	5.6	584
tt0000373	6.4	108
tt0000376	5.9	22
tt0000377	6.1	139
tt0000379	4.1	15
tt0000380	6.8	28
tt0000381	3.7	27
tt0000384	5.8	325
tt0000387	5.1	417
tt0000388	5.1	140
tt0000399	6.1	792
tt0000400	5.8	18
tt0000402	6.8	11
tt0000406	5.7	46
tt0000407	3.8	42
tt0000409	5.1	266
tt0000410	6.7	1082
tt0000412	4.4	28
tt0000413	5.5	491
tt0000414	5.4	788
tt0000416	5.4	188
tt0000417	8.1	55042
tt0000420	6.2	2841
tt0000422	5.0	10
tt0000423	5.5	254
tt0000425	4.9	26
tt0000426	4.0	22
tt0000430	5.9	724
tt0000432	5.7	251
tt0000436	6.1	549
tt0000437	5.1	296
tt0000439	7.3	20781
tt0000440	5.4	245
tt0000441	6.7	13
tt0000442	4.7	103
tt0000446	4.8	26
tt0000447	6.4	2667
tt0000451	6.5	1018
tt0000452	4.6	118
tt0000455	6.8	1923
tt0000456	4.0	63
tt0000459	4.4	78
tt0000464	4.8	481
tt0000465	7.3	1780
tt0000469	5.8	1137
tt0000471	5.2	527
tt0000472	6.2	24
tt0000479	5.3	409
tt0000480	5.1	215
tt0000487	6.8	549
tt0000488	6.9	857
tt0000491	3.8	68
tt0000492	4.8	139
tt0000495	6.0	120
tt0000496	5.8	71
tt0000497	5.2	92
tt0000498	6.6	1299
tt0000499	7.5	3934
tt0000501	4.6	52
tt0000502	4.0	16
tt0000505	6.3	30
tt0000507	3.4	61
tt0000509	5.6	51
tt0000511	6.4	46
tt0000512	4.5	71
tt0000515	4.8	105
tt0000516	6.6	1109
tt0000519	5.7	410
tt0000520	6.3	64
tt0000521	5.5	331
tt0000524	5.8	801
tt0000525	5.4	54
tt0000526	4.1	69
tt0000528	6.2	17
tt0000533	6.7	41
tt0000534	6.6	1262
tt0000535	4.9	66
tt0000537	4.4	94
tt0000543	4.8	17
tt0000546	6.7	1967
tt0000550	3.6	13
tt0000552	5.6	68
tt0000553	6.5	512
tt0000554	6.3	1431
tt0000555	5.1	19
tt0000557	4.6	140
tt0000561	5.0	61
tt0000565	6.2	653
tt0000567	6.8	1338
tt0000570	3.9	55
tt0000571	6.8	71
tt0000574	6.0	867
tt0000575	5.7	547
tt0000576	6.1	246
tt0000578	7.4	28
tt0000582	4.7	740
tt0000583	5.2	52
tt0000584	5.0	85
tt0000588	5.4	8
tt0000591	5.0	22
tt0000594	5.6	14
tt0000595	5.4	13
tt0000596	4.9	22
tt0000597	5.0	74
tt0000598	5.1	36
tt0000599	3.8	14
tt0000601	5.8	12
tt0000602	4.3	246
tt0000608	5.5	20
tt0000609	4.8	21
tt0000610	4.9	21
tt0000613	4.3	13
tt0000614	6.5	1190
tt0000615	4.3	25
tt0000617	4.6	39
tt0000618	8.9	14
tt0000621	6.5	617
tt0000627	5.7	62
tt0000628	5.7	907
tt0000629	5.6	85
tt0000630	2.9	27
tt0000632	5.0	58
tt0000634	3.5	26
tt0000637	5.5	769
tt0000638	4.9	86
tt0000639	4.9	99
tt0000640	4.4	146
tt0000641	4.7	177
tt0000642	5.2	67
tt0000644	5.1	63
tt0000645	5.0	184
tt0000648	4.6	169
tt0000650	7.6	21
tt0000651	4.8	75
tt0000653	4.5	225
tt0000654	4.9	116
tt0000658	6.4	286
tt0000659	4.7	82
tt0000660	5.4	63
tt0000661	7.2	19
tt0000662	4.1	66
tt0000663	5.1	62
tt0000665	5.3	64
tt0000666	5.4	32
tt0000668	6.6	54
tt0000669	4.9	162
tt0000671	5.7	15
tt0000672	5.9	45
tt0000673	5.6	15
tt0000674	4.6	51
tt0000675	4.2	20
tt0000676	3.6	17
tt0000679	5.0	70
tt0000680	5.2	49
tt0000681	5.3	41
tt0000682	6.9	2783
tt0000683	5.4	85
tt0000684	5.1	129
tt0000685	5.5	47
tt0000689	6.2	57
tt0000690	6.1	43
tt0000694	4.8	51
tt0000695	5.6	53
tt0000697	4.0	31
tt0000698	4.7	26
tt0000699	5.5	27
tt0000700	5.0	79
tt0000704	5.3	59
tt0000706	4.6	31
tt0000707	4.7	27
tt0000708	4.3	42
tt0000709	5.5	69
tt0000713	5.0	23
tt0000717	5.9	21
tt0000720	6.0	18
tt0000722	4.7	12
tt0000724	5.3	42
tt0000725	4.6	18
tt0000727	5.5	20
tt0000728	5.9	134
tt0000730	5.8	70
tt0000731	4.5	24
tt0000733	5.9	31
tt0000734	4.0	15
tt0000737	4.8	35
tt0000738	7.8	20
tt0000739	6.2	17
tt0000740	5.0	19
tt0000741	4.8	26
tt0000743	6.2	15
tt0000746	7.1	20
tt0000747	5.1	31
tt0000748	5.4	27
tt0000749	5.8	847
tt0000752	5.1	139
tt0000754	7.2	67
tt0000755	5.7	220
tt0000756	5.3	142
tt0000758	6.1	30
tt0000759	7.6	12
tt0000762	5.1	35
tt0000764	5.6	140
tt0000767	6.0	20
tt0000769	5.3	166
tt0000770	5.3	165
tt0000771	5.6	23
tt0000772	5.8	20
tt0000775	7.5	11
tt0000776	5.6	133
tt0000778	6.0	16
tt0000779	5.0	18
tt0000781	6.3	19
tt0000782	8.3	21
tt0000784	4.1	26
tt0000785	5.2	66
tt0000787	4.9	21
tt0000789	5.0	68
tt0000790	6.1	421
tt0000792	4.5	70
tt0000793	4.1	20
tt0000797	5.4	178
tt0000798	4.5	16
tt0000800	5.1	119
tt0000801	4.9	74
tt0000803	6.5	11
tt0000807	4.4	62
tt0000809	6.1	63
tt0000815	4.4	66
tt0000816	4.5	134
tt0000817	4.3	21
tt0000819	5.1	67
tt0000821	4.6	129
tt0000823	4.2	54
tt0000825	4.1	56
tt0000826	3.9	55
tt0000827	5.2	99
tt0000828	5.2	114
tt0000829	4.1	59
tt0000831	5.2	140
tt0000832	6.6	2703
tt0000833	6.4	748
tt0000835	4.8	162
tt0000836	4.7	54
tt0000837	5.1	43
tt0000840	5.6	359
tt0000841	5.2	82
tt0000843	5.2	41
tt0000844	6.6	22
tt0000845	4.5	43
tt0000847	5.6	16
tt0000848	5.4	23
tt0000851	4.9	46
tt0000852	5.6	266
tt0000853	5.2	41
tt0000854	5.9	550
tt0000855	5.2	51
tt0000857	4.6	38
tt0000858	4.6	38
tt0000860	4.5	81
tt0000861	4.9	60
tt0000862	4.4	17
tt0000864	5.6	60
tt0000866	5.7	9
tt0000870	5.2	59
tt0000871	5.7	122
tt0000873	5.8	12
tt0000874	4.7	52
tt0000875	4.3	38
tt0000877	4.7	108
tt0000878	5.0	183
tt0000880	5.7	87
tt0000882	5.7	228
tt0000884	3.5	12
tt0000886	4.7	40
tt0000887	4.9	51
tt0000890	6.9	33
tt0000891	5.6	62
tt0000892	5.6	86
tt0000893	6.2	44
tt0000895	5.5	212
tt0000896	3.2	24
tt0000897	5.3	66
tt0000898	5.2	27
tt0000900	3.6	24
tt0000901	4.5	25
tt0000902	4.5	17
tt0000903	5.4	22
tt0000904	5.2	119
tt0000905	4.8	24
tt0000908	6.0	31
tt0000910	4.8	27
tt0000911	2.6	26
tt0000912	4.3	71
tt0000916	6.0	67
tt0000919	3.2	24
tt0000920	4.2	24
tt0000921	5.0	26
tt0000922	5.4	117
tt0000924	6.1	192
tt0000928	5.3	99
tt0000929	5.3	46
tt0000930	4.6	12
tt0000932	3.2	10
tt0000933	4.6	53
tt0000934	3.8	20
tt0000935	6.1	113
tt0000936	6.2	127
tt0000938	4.5	194
tt0000939	4.9	20
tt0000941	4.5	27
tt0000942	6.1	1074
tt0000944	3.8	11
tt0000945	4.7	81
tt0000946	4.6	82
tt0000950	4.6	17
tt0000954	5.0	17
tt0000956	5.6	16
tt0000957	6.1	50
tt0000958	5.3	17
tt0000960	4.7	301
tt0000961	8.1	22
tt0000962	4.4	15
tt0000964	4.5	17
tt0000966	5.6	360
tt0000967	4.4	18
tt0000969	6.6	26
tt0000970	5.8	83
tt0000971	6.3	183
tt0000972	5.8	98
tt0000974	5.2	61
tt0000975	5.1	22
tt0000976	3.9	20
tt0000979	4.9	30
tt0000981	5.7	61
tt0000985	4.4	16
tt0000986	5.1	121
tt0000987	7.8	10
tt0000988	4.7	25
tt0000989	4.8	51
tt0000990	5.9	84
tt0000992	4.4	15
tt0000995	6.6	18
tt0000997	6.2	16
tt0000998	5.5	19
tt0001000	5.4	57
tt0001001	5.2	144
tt0001002	4.8	102
tt0001005	5.0	22
tt0001008	5.2	29
tt0001009	6.5	1008
tt0001010	4.2	15
tt0001011	4.4	17
tt0001013	5.8	412
tt0001014	4.8	121
tt0001015	4.7	26
tt0001016	5.1	152
tt0001020	4.2	14
tt0001025	7.3	17
tt0001027	5.3	17
tt0001028	4.0	20
tt0001029	5.1	54
tt0001032	6.0	948
tt0001033	4.4	21
tt0001035	5.2	40
tt0001036	2.6	12
tt0001037	3.4	18
tt0001038	3.7	22
tt0001041	5.0	43
tt0001044	5.4	118
tt0001045	5.6	15
tt0001049	4.2	18
tt0001050	4.9	86
tt0001052	4.8	17
tt0001053	5.4	16
tt0001054	5.6	36
tt0001058	5.0	25
tt0001061	6.6	67
tt0001062	6.2	1272
tt0001063	5.2	17
tt0001064	4.8	45
tt0001065	4.2	17
tt0001066	4.8	21
tt0001067	5.8	50
tt0001071	6.0	15
tt0001072	5.6	396
tt0001074	5.6	21
tt0001075	4.4	17
tt0001076	5.2	26
tt0001077	5.0	15
tt0001078	5.3	55
tt0001079	3.8	17
tt0001083	5.0	148
tt0001084	5.2	181
tt0001085	4.8	17
tt0001086	5.7	17
tt0001088	5.0	78
tt0001089	8.2	38
tt0001090	6.5	16
tt0001091	5.3	216
tt0001092	5.7	56
tt0001094	3.8	17
tt0001095	2.4	17
tt0001098	5.9	20
tt0001099	5.0	17
tt0001101	4.8	39
tt0001103	5.4	67
tt0001104	4.8	59
tt0001105	6.4	1017
tt0001106	5.9	160
tt0001107	6.0	107
tt0001111	4.5	17
tt0001112	3.8	45
tt0001113	5.1	17
tt0001115	4.3	20
tt0001116	4.6	20
tt0001117	5.4	15
tt0001118	5.5	212
tt0001120	5.5	251
tt0001121	4.4	58
tt0001122	4.9	20
tt0001129	4.8	69
tt0001135	4.4	60
tt0001139	5.5	40
tt0001141	5.0	14
tt0001143	4.5	53
tt0001144	4.5	53
tt0001145	5.8	10
tt0001150	5.2	126
tt0001151	4.0	61
tt0001152	5.5	82
tt0001153	3.7	56
tt0001156	4.0	56
tt0001159	5.7	31
tt0001161	4.2	58
tt0001165	4.4	41
tt0001175	5.3	44
tt0001176	4.2	40
tt0001184	3.8	22
tt0001185	7.0	20
tt0001186	5.2	73
tt0001187	4.4	41
tt0001190	6.6	14
tt0001195	4.4	16
tt0001196	4.1	9
tt0001200	4.5	45
tt0001202	4.6	40
tt0001206	6.0	44
tt0001207	5.5	149
tt0001211	5.5	47
tt0001214	6.6	9
tt0001216	4.6	40
tt0001217	5.6	114
tt0001218	5.2	130
tt0001223	6.4	4666
tt0001227	5.8	270
tt0001230	5.1	31
tt0001233	7.6	22
tt0001234	5.4	44
tt0001235	5.3	61
tt0001236	5.0	43
tt0001237	4.7	81
tt0001240	3.8	22
tt0001241	4.5	16
tt0001242	5.1	18
tt0001245	5.5	79
tt0001253	5.6	24
tt0001254	4.4	24
tt0001256	5.9	573
tt0001258	5.8	167
tt0001262	4.8	32
tt0001264	7.0	82
tt0001265	6.3	558
tt0001277	4.4	25
tt0001280	4.9	36
tt0001282	6.6	37
tt0001283	5.7	25
tt0001284	4.9	50
tt0001285	5.4	60
tt0001292	5.0	67
tt0001294	7.2	16
tt0001299	3.8	17
tt0001303	6.0	18
tt0001306	4.8	12
tt0001307	5.5	17
tt0001310	5.5	32
tt0001313	5.2	16
tt0001314	5.8	164
tt0001315	5.9	26
tt0001321	5.3	63
tt0001326	5.5	65
tt0001330	5.5	44
tt0001332	5.5	37
tt0001333	5.7	62
tt0001334	6.2	19
tt0001337	5.6	62
tt0001338	5.2	19
tt0001340	5.1	105
tt0001348	4.0	12
tt0001351	6.0	69
tt0001353	5.0	13
tt0001358	4.2	28
tt0001364	6.2	13
tt0001370	5.3	25
tt0001371	5.9	438
tt0001377	4.9	28
tt0001378	6.0	228
tt0001379	4.6	13
tt0001380	3.6	11
tt0001381	5.7	42
tt0001385	5.3	84
tt0001386	4.3	20
tt0001387	5.3	35
tt0001388	5.7	96
tt0001396	3.0	19
tt0001400	6.4	17
tt0001401	6.0	33
tt0001407	6.0	21
tt0001410	4.8	23
tt0001414	6.2	71
tt0001423	4.2	14
tt0001428	5.3	61
tt0001431	6.3	859
tt0001432	5.8	36
tt0001439	5.8	281
tt0001440	4.7	22
tt0001443	5.8	17
tt0001444	3.2	33
tt0001446	5.3	18
tt0001452	5.5	222
tt0001454	5.6	41
tt0001456	8.4	19
tt0001458	5.8	221
tt0001459	5.5	63
tt0001460	2.9	18
tt0001461	6.1	36
tt0001463	5.7	1626
tt0001469	5.7	151
tt0001475	7.4	23
tt0001481	5.6	41
tt0001482	4.9	77
tt0001488	6.3	543
tt0001490	4.9	26
tt0001496	4.1	68
tt0001497	7.2	10
tt0001498	7.8	14
tt0001499	5.7	372
tt0001500	5.0	8
tt0001508	4.8	51
tt0001510	5.3	69
tt0001517	5.5	44
tt0001518	5.6	23
tt0001519	5.0	41
tt0001521	4.4	8
tt0001527	7.7	3167
tt0001529	4.0	22
tt0001530	5.4	18
tt0001531	4.6	15
tt0001532	5.2	14
tt0001542	4.0	35
tt0001544	6.0	813
tt0001545	6.0	149
tt0001550	5.5	55
tt0001551	5.2	99
tt0001552	4.8	39
tt0001557	4.8	115
tt0001560	4.5	26
tt0001563	5.9	44
tt0001564	4.1	31
tt0001571	4.4	29
tt0001577	4.4	31
tt0001582	4.4	32
tt0001583	5.3	18
tt0001584	5.1	21
tt0001586	3.4	20
tt0001587	4.1	27
tt0001588	5.4	216
tt0001590	5.6	8
tt0001592	6.0	27
tt0001593	6.3	402
tt0001594	6.4	364
tt0001598	5.7	48
tt0001607	5.3	79
tt0001613	5.3	167
tt0001614	6.4	41
tt0001615	4.9	39
tt0001618	6.1	21
tt0001624	5.1	49
tt0001630	6.2	39
tt0001632	6.4	47
tt0001642	5.0	42
tt0001648	4.2	8
tt0001654	5.3	43
tt0001655	4.0	18
tt0001658	5.9	16
tt0001659	6.6	18
tt0001660	5.6	221
tt0001668	4.2	36
tt0001671	5.1	38
tt0001680	5.0	648
tt0001681	4.7	308
tt0001692	5.4	15
tt0001693	6.9	24
tt0001695	4.8	62
tt0001696	4.2	12
tt0001701	4.5	82
tt0001706	4.3	18
tt0001709	5.5	43
tt0001712	4.6	8
tt0001715	3.9	10
tt0001717	3.4	24
tt0001722	4.2	12
tt0001724	5.8	287
tt0001728	6.7	16
tt0001732	7.0	18
tt0001733	5.2	23
tt0001737	7.1	1826
tt0001738	6.5	61
tt0001740	6.5	1316
tt0001741	4.5	24
tt0001742	5.7	15
tt0001747	5.3	26
tt0001753	5.3	18
tt0001761	5.4	6
tt0001762	4.7	77
tt0001769	5.3	86
tt0001771	5.5	169
tt0001772	5.6	22
tt0001776	6.4	242
tt0001777	5.1	19
tt0001779	7.0	16
tt0001787	8.0	14
tt0001789	6.3	295
tt0001790	6.0	52
tt0001791	5.3	12
tt0001799	4.9	14
tt0001803	3.0	12
tt0001812	5.5	14
tt0001815	6.6	27
tt0001817	5.1	90
tt0001832	5.9	64
tt0001840	4.8	43
tt0001845	5.1	11
tt0001848	4.4	42
tt0001852	4.1	12
tt0001856	4.6	54
tt0001857	5.6	224
tt0001862	5.3	48
tt0001865	5.8	87
tt0001868	5.6	10
tt0001871	4.8	61
tt0001872	7.4	58
tt0001874	7.7	13
tt0001877	5.3	78
tt0001886	4.6	12
tt0001889	4.0	15
tt0001892	5.8	260
tt0001896	5.0	84
tt0001910	5.3	76
tt0001911	3.6	25
tt0001913	5.4	241
tt0001915	5.5	138
tt0001921	5.3	16
tt0001923	7.2	36
tt0001924	5.4	12
tt0001925	5.0	52
tt0001927	5.0	12
tt0001928	4.5	55
tt0001941	5.1	95
tt0001949	5.5	29
tt0001956	6.1	17
tt0001957	5.1	59
tt0001963	5.6	169
tt0001964	5.9	96
tt0001967	5.9	12
tt0001969	5.4	14
tt0001973	6.1	292
tt0001978	5.7	51
tt0001987	6.1	25
tt0001989	5.0	15
tt0001993	4.1	22
tt0001998	4.6	41
tt0002004	5.7	16
tt0002020	4.6	153
tt0002022	6.0	13
tt0002026	4.5	16
tt0002029	6.0	72
tt0002031	4.5	26
tt0002033	5.3	42
tt0002034	5.4	69
tt0002041	4.5	69
tt0002045	4.3	92
tt0002046	3.7	9
tt0002054	5.8	227
tt0002056	6.6	227
tt0002064	4.9	89
tt0002065	6.2	65
tt0002066	3.7	101
tt0002068	4.9	53
tt0002070	5.2	49
tt0002071	4.2	18
tt0002078	5.0	67
tt0002082	6.0	418
tt0002083	6.1	313
tt0002093	4.6	40
tt0002095	4.9	38
tt0002096	4.1	17
tt0002097	3.9	38
tt0002098	5.9	155
tt0002101	5.1	613
tt0002107	4.7	24
tt0002113	6.9	1167
tt0002114	4.6	18
tt0002121	4.9	49
tt0002122	6.2	327
tt0002124	5.1	389
tt0002126	5.9	90
tt0002130	7.0	3376
tt0002132	5.7	22
tt0002133	5.7	220
tt0002136	5.6	105
tt0002139	5.7	20
tt0002143	6.0	758
tt0002144	5.1	17
tt0002145	8.9	13
tt0002151	5.0	32
tt0002153	6.0	80
tt0002159	4.5	43
tt0002160	6.2	140
tt0002162	4.6	83
tt0002167	4.6	22
tt0002172	4.8	36
tt0002176	5.9	326
tt0002177	5.9	77
tt0002179	3.6	41
tt0002181	6.1	240
tt0002186	6.4	142
tt0002190	6.2	422
tt0002196	4.6	20
tt0002197	5.5	308
tt0002198	6.2	29
tt0002199	5.8	630
tt0002200	6.1	98
tt0002202	4.8	16
tt0002203	5.0	63
tt0002206	5.5	21
tt0002208	6.8	1284
tt0002212	5.2	44
tt0002214	6.0	43
tt0002216	5.3	47
tt0002220	3.8	46
tt0002221	6.7	505
tt0002224	5.1	164
tt0002226	5.7	73
tt0002230	6.4	106
tt0002232	5.3	65
tt0002233	4.6	146
tt0002234	8.5	27
tt0002253	4.5	14
tt0002255	4.6	56
tt0002259	5.0	16
tt0002260	6.3	1327
tt0002261	5.8	34
tt0002262	5.4	13
tt0002266	6.2	14
tt0002268	4.6	15
tt0002273	5.0	38
tt0002277	6.4	40
tt0002278	5.1	41
tt0002280	5.0	51
tt0002281	6.2	330
tt0002282	5.8	55
tt0002287	4.4	15
tt0002290	5.3	67
tt0002293	4.1	18
tt0002295	7.4	14
tt0002300	6.0	18
tt0002302	5.7	62
tt0002303	5.6	204
tt0002305	7.6	29
tt0002309	8.6	22
tt0002318	5.8	48
tt0002320	3.6	17
tt0002325	5.4	8
tt0002329	5.0	36
tt0002330	5.4	16
tt0002332	5.2	39
tt0002340	5.7	58
tt0002342	5.7	109
tt0002349	5.2	22
tt0002350	6.5	349
tt0002354	6.1	195
tt0002355	5.8	72
tt0002357	6.1	247
tt0002369	6.1	64
tt0002370	5.6	16
tt0002371	6.1	23
tt0002374	6.2	19
tt0002375	5.7	12
tt0002380	5.5	27
tt0002381	6.6	2454
tt0002382	6.2	69
tt0002383	6.2	11
tt0002386	5.9	159
tt0002387	4.4	53
tt0002391	6.3	919
tt0002392	6.0	14
tt0002395	4.8	14
tt0002398	5.1	54
tt0002399	4.2	24
tt0002400	5.7	261
tt0002402	7.7	8
tt0002405	5.0	41
tt0002406	4.6	26
tt0002408	6.2	328
tt0002409	6.1	20
tt0002415	5.9	634
tt0002421	6.1	122
tt0002423	6.6	992
tt0002429	6.2	179
tt0002431	5.0	14
tt0002434	9.0	13
tt0002437	9.0	12
tt0002440	4.0	30
tt0002441	5.4	34
tt0002443	4.2	18
tt0002445	6.1	433
tt0002449	6.4	67
tt0002451	8.5	22
tt0002452	6.4	268
tt0002461	5.7	314
tt0002465	5.2	70
tt0002473	6.5	94
tt0002474	6.4	11
tt0002475	6.9	119
tt0002477	6.7	13
tt0002478	5.6	75
tt0002484	5.7	56
tt0002497	5.8	126
tt0002500	6.0	23
tt0002501	4.2	45
tt0002504	4.9	64
tt0002505	5.1	20
tt0002506	5.4	38
tt0002512	6.2	415
tt0002514	4.9	18
tt0002515	5.2	20
tt0002521	5.1	42
tt0002523	5.6	106
tt0002528	5.0	64
tt0002529	4.6	16
tt0002531	6.2	17
tt0002532	5.9	91
tt0002533	5.0	80
tt0002535	4.7	51
tt0002536	5.4	54
tt0002538	7.1	18
tt0002540	7.0	9
tt0002542	5.7	26
tt0002544	5.8	238
tt0002545	7.4	15
tt0002546	7.0	27
tt0002547	5.8	15
tt0002550	5.3	51
tt0002553	6.5	951
tt0002555	4.4	49
tt0002556	5.7	23
tt0002562	5.1	26
tt0002569	5.3	256
tt0002574	6.1	33
tt0002576	4.8	59
tt0002582	9.1	18
tt0002586	5.0	28
tt0002588	6.0	49
tt0002591	6.2	10
tt0002592	6.4	31
tt0002593	6.0	14
tt0002601	4.6	87
tt0002603	4.7	61
tt0002605	5.5	45
tt0002610	4.8	149
tt0002621	5.0	90
tt0002628	5.5	112
tt0002637	7.2	18
tt0002639	6.1	198
tt0002642	5.6	9
tt0002646	6.5	468
tt0002647	5.8	15
tt0002656	5.5	48
tt0002658	4.1	67
tt0002659	5.3	833
tt0002663	6.0	408
tt0002669	6.7	39
tt0002678	5.9	20
tt0002687	7.8	11
tt0002702	4.9	60
tt0002718	3.4	47
tt0002719	5.4	132
tt0002726	4.8	10
tt0002736	6.1	24
tt0002739	2.6	10
tt0002745	3.8	38
tt0002753	5.4	21
tt0002755	4.5	43
tt0002758	5.1	18
tt0002759	5.9	43
tt0002761	4.2	40
tt0002767	5.5	68
tt0002784	5.0	52
tt0002785	6.0	8
tt0002795	6.1	601
tt0002796	5.5	18
tt0002797	4.8	20
tt0002801	5.5	29
tt0002813	5.2	391
tt0002815	3.8	32
tt0002816	5.9	125
tt0002822	4.0	52
tt0002829	4.6	31
tt0002832	6.8	23
tt0002844	6.9	2464
tt0002847	5.5	35
tt0002848	4.4	42
tt0002850	5.8	35
tt0002851	5.3	436
tt0002853	4.5	51
tt0002863	6.3	63
tt0002867	5.4	131
tt0002885	5.9	113
tt0002893	6.0	16
tt0002894	6.8	17
tt0002897	5.7	59
tt0002898	6.9	170
tt0002902	4.5	39
tt0002910	6.0	91
tt0002917	5.6	45
tt0002919	4.9	96
tt0002921	4.2	25
tt0002922	5.0	81
tt0002954	5.7	15
tt0002956	4.9	72
tt0002968	4.6	11
tt0002973	5.7	22
tt0002983	6.0	544
tt0002985	6.1	363
tt0002990	5.6	173
tt0002996	3.6	33
tt0002999	5.5	35
tt0003001	4.7	20
tt0003002	5.4	21
tt0003006	5.8	24
tt0003014	7.0	1405
tt0003015	4.6	72
tt0003016	5.6	118
tt0003022	5.6	92
tt0003035	5.8	18
tt0003037	6.9	1666
tt0003044	5.5	18
tt0003046	6.6	58
tt0003054	5.9	38
tt0003059	5.5	39
tt0003065	5.5	88
tt0003073	5.2	79
tt0003075	5.8	45
tt0003078	6.9	33
tt0003083	5.0	24
tt0003091	5.9	27
tt0003093	5.7	20
tt0003102	6.1	150
tt0003104	5.7	327
tt0003106	5.2	123
tt0003108	5.0	12
tt0003112	6.0	23
tt0003119	6.0	13
tt0003131	6.6	186
tt0003133	5.4	19
tt0003156	5.6	19
tt0003158	6.1	21
tt0003159	5.9	53
tt0003164	4.8	6
tt0003165	6.9	1319
tt0003167	5.7	279
tt0003170	6.4	853
tt0003177	4.8	162
tt0003206	5.6	5
tt0003207	4.8	16
tt0003208	4.3	12
tt0003212	5.0	31
tt0003214	6.1	326
tt0003215	7.0	18
tt0003226	4.6	17
tt0003228	5.6	13
tt0003235	5.1	39
tt0003238	5.3	141
tt0003241	5.0	21
tt0003242	8.4	17
tt0003249	6.8	27
tt0003265	4.7	97
tt0003278	7.1	20
tt0003288	6.3	30
tt0003301	5.9	51
tt0003309	4.5	34
tt0003310	5.2	72
tt0003311	5.9	432
tt0003316	6.7	18
tt0003317	7.7	17
tt0003323	6.3	35
tt0003330	6.2	123
tt0003337	5.6	56
tt0003345	6.2	22
tt0003351	4.4	15
tt0003355	5.2	24
tt0003360	5.4	111
tt0003362	5.7	28
tt0003365	4.6	23
tt0003370	5.7	13
tt0003379	3.6	15
tt0003386	7.6	16
tt0003388	4.0	11
tt0003399	5.0	315
tt0003401	5.2	34
tt0003410	5.8	12
tt0003417	5.1	68
tt0003419	6.4	2357
tt0003424	7.4	2098
tt0003427	6.0	46
tt0003431	5.6	16
tt0003436	5.5	103
tt0003438	5.7	34
tt0003441	6.0	19
tt0003442	5.2	28
tt0003451	5.6	20
tt0003454	5.8	16
tt0003456	7.2	13
tt0003460	6.2	74
tt0003468	4.8	42
tt0003471	6.0	723
tt0003484	6.0	11
tt0003489	6.1	614
tt0003497	5.4	31
tt0003499	6.8	28
tt0003500	6.8	11
tt0003502	5.1	40
tt0003508	5.7	19
tt0003512	5.0	187
tt0003516	4.9	60
tt0003520	5.0	15
tt0003526	6.0	55
tt0003536	4.8	17
tt0003540	5.5	49
tt0003545	5.2	29
tt0003552	6.8	15
tt0003565	6.2	45
tt0003578	5.8	19
tt0003584	6.7	28
tt0003585	7.0	26
tt0003587	5.3	41
tt0003588	5.6	30
tt0003589	6.1	45
tt0003590	6.5	13
tt0003591	5.1	23
tt0003595	4.1	26
tt0003596	6.0	68
tt0003598	4.6	20
tt0003599	6.4	26
tt0003600	6.4	22
tt0003605	6.0	16
tt0003608	4.0	10
tt0003609	5.1	15
tt0003615	5.8	138
tt0003616	5.3	20
tt0003617	3.3	22
tt0003618	7.3	32
tt0003625	5.2	26
tt0003630	4.4	31
tt0003632	6.1	17
tt0003637	6.2	490
tt0003638	7.0	14
tt0003641	5.2	19
tt0003643	6.4	1408
tt0003649	6.4	13
tt0003651	6.6	11
tt0003657	6.5	243
tt0003662	6.1	910
tt0003665	6.2	100
tt0003668	5.6	22
tt0003670	6.5	35
tt0003675	6.5	23
tt0003679	5.4	1748
tt0003686	6.2	16
tt0003692	6.7	18
tt0003698	6.5	53
tt0003699	5.1	39
tt0003724	5.7	36
tt0003731	4.7	23
tt0003733	4.7	1246
tt0003734	5.3	285
tt0003735	5.0	36
tt0003740	7.1	3898
tt0003743	5.1	49
tt0003748	8.0	18
tt0003750	5.2	21
tt0003751	5.5	49
tt0003758	5.7	1474
tt0003760	5.6	1105
tt0003768	3.6	18
tt0003772	6.1	1072
tt0003777	4.9	38
tt0003784	5.4	30
tt0003803	6.2	47
tt0003805	5.3	1426
tt0003812	7.6	13
tt0003813	4.9	93
tt0003816	6.3	42
tt0003817	2.7	19
tt0003819	7.6	21
tt0003823	6.9	52
tt0003828	5.6	35
tt0003838	5.8	45
tt0003839	6.5	395
tt0003854	3.7	28
tt0003855	6.4	102
tt0003860	5.0	102
tt0003863	5.9	1157
tt0003869	4.9	27
tt0003871	5.2	18
tt0003876	5.8	85
tt0003883	7.2	441
tt0003884	6.4	115
tt0003886	5.8	24
tt0003890	5.5	54
tt0003897	6.2	99
tt0003923	5.2	1166
tt0003930	6.8	1418
tt0003932	6.4	14
tt0003934	5.4	1069
tt0003943	5.1	67
tt0003948	5.1	34
tt0003949	5.3	202
tt0003952	6.7	1184
tt0003953	6.2	12
tt0003960	5.8	31
tt0003961	5.6	1704
tt0003965	6.6	24
tt0003969	5.2	258
tt0003972	4.5	29
tt0003973	5.9	294
tt0003978	4.4	18
tt0003980	5.6	28
tt0003982	5.0	28
tt0003996	6.1	21
tt0003998	5.2	53
tt0004002	6.1	45
tt0004007	5.6	933
tt0004008	7.1	3610
tt0004011	5.5	992
tt0004013	4.5	42
tt0004016	4.6	12
tt0004022	6.3	67
tt0004026	6.7	1233
tt0004027	5.7	28
tt0004028	4.1	33
tt0004030	8.7	18
tt0004039	5.5	138
tt0004047	7.0	12
tt0004052	6.9	120
tt0004057	6.3	20
tt0004060	5.1	121
tt0004064	5.1	28
tt0004065	5.5	76
tt0004066	6.8	676
tt0004091	5.0	1205
tt0004099	5.4	518
tt0004100	5.9	1133
tt0004101	5.9	1369
tt0004102	5.3	1038
tt0004104	6.7	11
tt0004108	6.2	964
tt0004121	5.7	141
tt0004125	3.0	18
tt0004134	6.5	699
tt0004146	8.4	21
tt0004150	5.9	531
tt0004154	6.4	13
tt0004155	7.4	13
tt0004164	3.8	55
tt0004167	7.7	21
tt0004168	5.2	19
tt0004176	6.2	12
tt0004179	4.9	53
tt0004181	6.2	1439
tt0004182	6.8	68
tt0004189	5.7	3271
tt0004193	4.9	54
tt0004194	5.7	1435
tt0004196	5.7	53
tt0004199	4.0	29
tt0004205	6.5	20
tt0004207	5.2	25
tt0004208	4.8	25
tt0004209	6.6	142
tt0004210	5.6	1621
tt0004212	5.6	222
tt0004219	5.0	11
tt0004223	6.3	71
tt0004229	8.2	11
tt0004235	5.2	35
tt0004238	5.4	18
tt0004243	4.9	67
tt0004248	5.1	13
tt0004249	4.2	22
tt0004253	6.4	18
tt0004257	5.0	17
tt0004260	9.0	17
tt0004268	5.0	34
tt0004272	6.4	27
tt0004277	5.6	1003
tt0004279	5.6	436
tt0004280	5.4	1051
tt0004282	5.6	1391
tt0004284	5.5	1932
tt0004286	5.2	342
tt0004288	5.5	2268
tt0004291	6.6	16
tt0004294	6.6	22
tt0004295	8.1	41
tt0004303	5.4	18
tt0004307	5.4	25
tt0004311	5.9	1513
tt0004313	5.4	25
tt0004316	5.8	31
tt0004319	4.6	47
tt0004323	5.7	14
tt0004325	5.6	36
tt0004328	5.0	43
tt0004336	6.0	42
tt0004337	6.6	14
tt0004345	4.4	14
tt0004363	6.9	20
tt0004367	6.4	24
tt0004369	6.2	36
tt0004371	6.7	19
tt0004374	3.8	32
tt0004381	2.2	22
tt0004382	6.3	18
tt0004384	5.0	26
tt0004387	6.0	46
tt0004390	5.8	127
tt0004391	5.8	56
tt0004393	6.0	124
tt0004395	6.1	1174
tt0004398	1.4	20
tt0004399	6.4	22
tt0004403	6.7	25
tt0004408	5.5	120
tt0004413	6.4	459
tt0004415	5.5	22
tt0004426	6.5	17
tt0004438	5.2	15
tt0004442	4.9	70
tt0004457	5.5	559
tt0004465	6.4	1080
tt0004475	5.8	34
tt0004496	7.0	17
tt0004499	5.6	929
tt0004518	5.0	1221
tt0004525	5.6	61
tt0004526	4.4	18
tt0004536	5.2	36
tt0004537	5.5	38
tt0004545	3.1	43
tt0004546	6.2	1782
tt0004555	5.8	72
tt0004558	5.7	30
tt0004562	5.3	40
tt0004571	5.7	29
tt0004573	5.6	16
tt0004593	5.7	66
tt0004600	6.8	38
tt0004630	6.0	101
tt0004635	5.7	1034
tt0004637	5.2	1008
tt0004643	4.8	21
tt0004646	5.5	25
tt0004651	6.7	21
tt0004662	5.2	39
tt0004670	5.1	1390
tt0004674	6.8	41
tt0004681	5.9	266
tt0004690	5.2	18
tt0004691	5.1	58
tt0004693	5.4	1151
tt0004696	6.2	17
tt0004707	6.3	3692
tt0004708	6.7	8
tt0004712	6.2	237
tt0004727	2.1	25
tt0004728	4.3	32
tt0004730	7.9	187
tt0004736	5.6	1407
tt0004740	5.1	32
tt0004743	5.6	188
tt0004757	6.8	22
tt0004766	5.6	244
tt0004779	7.0	12
tt0004783	6.2	23
tt0004786	5.5	13
tt0004792	6.4	27
tt0004821	8.7	9
tt0004825	6.4	346
tt0004832	5.2	47
tt0004836	5.1	117
tt0004837	6.7	30
tt0004838	5.9	206
tt0004846	5.2	37
tt0004847	4.2	30
tt0004849	6.4	53
tt0004853	8.4	20
tt0004866	4.0	24
tt0004869	4.0	30
tt0004870	5.2	99
tt0004872	6.6	276
tt0004873	6.1	680
tt0004887	4.9	52
tt0004888	5.2	61
tt0004889	5.6	45
tt0004891	6.0	17
tt0004897	4.0	25
tt0004905	5.2	51
tt0004907	6.9	40
tt0004908	5.6	29
tt0004911	5.0	14
tt0004913	5.3	15
tt0004923	7.2	12
tt0004924	5.2	13
tt0004936	6.6	2195
tt0004942	4.0	19
tt0004961	6.5	26
tt0004968	4.2	27
tt0004971	5.3	151
tt0004972	6.1	26152
tt0004974	4.2	31
tt0004979	4.4	16
tt0004991	6.1	24
tt0005003	6.0	12
tt0005005	6.3	33
tt0005026	5.7	58
tt0005040	6.6	12
tt0005041	6.5	67
tt0005044	5.7	1865
tt0005046	6.7	13
tt0005047	5.2	54
tt0005049	6.5	23
tt0005050	5.0	19
tt0005053	6.3	30
tt0005054	7.9	30
tt0005059	6.4	153
tt0005060	6.3	1072
tt0005061	4.2	46
tt0005062	4.7	21
